"GEOID","year","variable","Variable_Description","estimate","moe","County","Geography","State"
"36037",2017,"B17001B_SnrPov","Black (Non-Hispanic)",90,129.657668925178,"Genesee","NA County","New York"
"36037",2017,"B17001C_SnrPov","Native American (Non-Hispanic)",32.1428571428571,54.3103797348055,"Genesee","NA County","New York"
"36037",2017,"B17001D_SnrPov","Asian (Non-Hispanic)",62.5,177.878118384471,"Genesee","NA County","New York"
"36037",2017,"B17001E_SnrPov","Pacific Islander (Non-Hispanic)",0,0,"Genesee","NA County","New York"
"36037",2017,"B17001F_SnrPov","Other (Non-Hispanic)",100,109.030982303384,"Genesee","NA County","New York"
"36037",2017,"B17001G_SnrPov","Two or More Races (Non-Hispanic)",0,0,"Genesee","NA County","New York"
"36037",2017,"B17001H_SnrPov","White (Non-Hispanic)",42.139175257732,12.3287773601304,"Genesee","NA County","New York"
"36037",2017,"B17001I_SnrPov","Hispanic or Latino (Any Race)",96.4285714285714,73.6268861717439,"Genesee","NA County","New York"
"36037",2018,"B17001B_SnrPov","Black (Non-Hispanic)",100,159.090909090909,"Genesee","NA County","New York"
"36037",2018,"B17001C_SnrPov","Native American (Non-Hispanic)",60,128.996123972777,"Genesee","NA County","New York"
"36037",2018,"B17001D_SnrPov","Asian (Non-Hispanic)",69.2307692307692,224.003381208631,"Genesee","NA County","New York"
"36037",2018,"B17001E_SnrPov","Pacific Islander (Non-Hispanic)",0,0,"Genesee","NA County","New York"
"36037",2018,"B17001F_SnrPov","Other (Non-Hispanic)",100,105.716795760043,"Genesee","NA County","New York"
"36037",2018,"B17001G_SnrPov","Two or More Races (Non-Hispanic)",0,232.929292626157,"Genesee","NA County","New York"
"36037",2018,"B17001H_SnrPov","White (Non-Hispanic)",40.6387665198238,11.1282538141578,"Genesee","NA County","New York"
"36037",2018,"B17001I_SnrPov","Hispanic or Latino (Any Race)",96.3636363636364,82.3216830739765,"Genesee","NA County","New York"
"36037",2019,"B17001B_SnrPov","Black (Non-Hispanic)",51.6129032258064,107.376238561892,"Genesee","NA County","New York"
"36037",2019,"B17001C_SnrPov","Native American (Non-Hispanic)",70,110.955446513955,"Genesee","NA County","New York"
"36037",2019,"B17001D_SnrPov","Asian (Non-Hispanic)",50,240.514494827697,"Genesee","NA County","New York"
"36037",2019,"B17001E_SnrPov","Pacific Islander (Non-Hispanic)",0,0,"Genesee","NA County","New York"
"36037",2019,"B17001F_SnrPov","Other (Non-Hispanic)",100,224.10934831015,"Genesee","NA County","New York"
"36037",2019,"B17001G_SnrPov","Two or More Races (Non-Hispanic)",0,219.988776369148,"Genesee","NA County","New York"
"36037",2019,"B17001H_SnrPov","White (Non-Hispanic)",39.5950506186727,9.08006122412174,"Genesee","NA County","New York"
"36037",2019,"B17001I_SnrPov","Hispanic or Latino (Any Race)",95.8333333333333,121.209901731574,"Genesee","NA County","New York"
"36037",2020,"B17001B_SnrPov","Black (Non-Hispanic)",28.9473684210526,49.5303426966282,"Genesee","NA County","New York"
"36037",2020,"B17001C_SnrPov","Native American (Non-Hispanic)",100,130.473444102285,"Genesee","NA County","New York"
"36037",2020,"B17001D_SnrPov","Asian (Non-Hispanic)",55.5555555555556,88.2791587892817,"Genesee","NA County","New York"
"36037",2020,"B17001E_SnrPov","Pacific Islander (Non-Hispanic)",0,0,"Genesee","NA County","New York"
"36037",2020,"B17001F_SnrPov","Other (Non-Hispanic)",100,303.337912053355,"Genesee","NA County","New York"
"36037",2020,"B17001G_SnrPov","Two or More Races (Non-Hispanic)",20,120.332871651931,"Genesee","NA County","New York"
"36037",2020,"B17001H_SnrPov","White (Non-Hispanic)",39.0361445783133,11.7754948788003,"Genesee","NA County","New York"
"36037",2020,"B17001I_SnrPov","Hispanic or Latino (Any Race)",100,119.001479153901,"Genesee","NA County","New York"
"36037",2021,"B17001B_SnrPov","Black (Non-Hispanic)",47.0588235294118,41.4121407068492,"Genesee","NA County","New York"
"36037",2021,"B17001C_SnrPov","Native American (Non-Hispanic)",57.6923076923077,130.769230769231,"Genesee","NA County","New York"
"36037",2021,"B17001D_SnrPov","Asian (Non-Hispanic)",44.4444444444444,56.3659711256022,"Genesee","NA County","New York"
"36037",2021,"B17001E_SnrPov","Pacific Islander (Non-Hispanic)",0,0,"Genesee","NA County","New York"
"36037",2021,"B17001F_SnrPov","Other (Non-Hispanic)",100,527.04627669473,"Genesee","NA County","New York"
"36037",2021,"B17001G_SnrPov","Two or More Races (Non-Hispanic)",51.2820512820513,114.354374979373,"Genesee","NA County","New York"
"36037",2021,"B17001H_SnrPov","White (Non-Hispanic)",36.81592039801,12.4894855075985,"Genesee","NA County","New York"
"36037",2021,"B17001I_SnrPov","Hispanic or Latino (Any Race)",100,92.9129296707407,"Genesee","NA County","New York"
"36037",2022,"B17001B_SnrPov","Black (Non-Hispanic)",49.4736842105263,37.0819262185443,"Genesee","NA County","New York"
"36037",2022,"B17001C_SnrPov","Native American (Non-Hispanic)",54.5454545454545,51.8261556863244,"Genesee","NA County","New York"
"36037",2022,"B17001D_SnrPov","Asian (Non-Hispanic)",54.1666666666667,55.3119659770552,"Genesee","NA County","New York"
"36037",2022,"B17001E_SnrPov","Pacific Islander (Non-Hispanic)",0,0,"Genesee","NA County","New York"
"36037",2022,"B17001F_SnrPov","Other (Non-Hispanic)",52.1739130434783,155.856072425521,"Genesee","NA County","New York"
"36037",2022,"B17001G_SnrPov","Two or More Races (Non-Hispanic)",50.9433962264151,56.7607885150616,"Genesee","NA County","New York"
"36037",2022,"B17001H_SnrPov","White (Non-Hispanic)",39.2466585662211,12.7618174590522,"Genesee","NA County","New York"
"36037",2022,"B17001I_SnrPov","Hispanic or Latino (Any Race)",77.2727272727273,189.878168856413,"Genesee","NA County","New York"
"36037",2023,"B17001B_SnrPov","Black (Non-Hispanic)",48.5148514851485,34.8790395124921,"Genesee","NA County","New York"
"36037",2023,"B17001C_SnrPov","Native American (Non-Hispanic)",32.258064516129,31.7705090380519,"Genesee","NA County","New York"
"36037",2023,"B17001D_SnrPov","Asian (Non-Hispanic)",51.7241379310345,70.8786372106706,"Genesee","NA County","New York"
"36037",2023,"B17001E_SnrPov","Pacific Islander (Non-Hispanic)",0,0,"Genesee","NA County","New York"
"36037",2023,"B17001F_SnrPov","Other (Non-Hispanic)",50,160.706086633306,"Genesee","NA County","New York"
"36037",2023,"B17001G_SnrPov","Two or More Races (Non-Hispanic)",58.8235294117647,70.3973453765343,"Genesee","NA County","New York"
"36037",2023,"B17001H_SnrPov","White (Non-Hispanic)",41.4460942543577,12.4442550471882,"Genesee","NA County","New York"
"36037",2023,"B17001I_SnrPov","Hispanic or Latino (Any Race)",58.974358974359,119.883792077548,"Genesee","NA County","New York"
"36037",2024,"B17001B_SnrPov","Black (Non-Hispanic)",56.9620253164557,39.7476416914116,"Genesee","NA County","New York"
"36037",2024,"B17001C_SnrPov","Native American (Non-Hispanic)",30,163.783393541592,"Genesee","NA County","New York"
"36037",2024,"B17001D_SnrPov","Asian (Non-Hispanic)",54.2857142857143,54.6790263114418,"Genesee","NA County","New York"
"36037",2024,"B17001E_SnrPov","Pacific Islander (Non-Hispanic)",0,0,"Genesee","NA County","New York"
"36037",2024,"B17001F_SnrPov","Other (Non-Hispanic)",50,162.623125636348,"Genesee","NA County","New York"
"36037",2024,"B17001G_SnrPov","Two or More Races (Non-Hispanic)",56.25,71.6879359184654,"Genesee","NA County","New York"
"36037",2024,"B17001H_SnrPov","White (Non-Hispanic)",38.8679245283019,11.9734949825532,"Genesee","NA County","New York"
"36037",2024,"B17001I_SnrPov","Hispanic or Latino (Any Race)",76.5957446808511,106.637992222482,"Genesee","NA County","New York"
"36051",2017,"B17001B_SnrPov","Black (Non-Hispanic)",30.6122448979592,66.2244111819916,"Livingston","NA County","New York"
"36051",2017,"B17001C_SnrPov","Native American (Non-Hispanic)",0,0,"Livingston","NA County","New York"
"36051",2017,"B17001D_SnrPov","Asian (Non-Hispanic)",0,0,"Livingston","NA County","New York"
"36051",2017,"B17001E_SnrPov","Pacific Islander (Non-Hispanic)",0,0,"Livingston","NA County","New York"
"36051",2017,"B17001F_SnrPov","Other (Non-Hispanic)",0,0,"Livingston","NA County","New York"
"36051",2017,"B17001G_SnrPov","Two or More Races (Non-Hispanic)",23.5294117647059,161.523884914659,"Livingston","NA County","New York"
"36051",2017,"B17001H_SnrPov","White (Non-Hispanic)",33.7006427915519,10.6011898546643,"Livingston","NA County","New York"
"36051",2017,"B17001I_SnrPov","Hispanic or Latino (Any Race)",40,82.2192191643779,"Livingston","NA County","New York"
"36051",2018,"B17001B_SnrPov","Black (Non-Hispanic)",48.7179487179487,89.7435897435898,"Livingston","NA County","New York"
"36051",2018,"B17001C_SnrPov","Native American (Non-Hispanic)",0,0,"Livingston","NA County","New York"
"36051",2018,"B17001D_SnrPov","Asian (Non-Hispanic)",0,0,"Livingston","NA County","New York"
"36051",2018,"B17001E_SnrPov","Pacific Islander (Non-Hispanic)",0,0,"Livingston","NA County","New York"
"36051",2018,"B17001F_SnrPov","Other (Non-Hispanic)",0,0,"Livingston","NA County","New York"
"36051",2018,"B17001G_SnrPov","Two or More Races (Non-Hispanic)",7.14285714285714,202.030508910442,"Livingston","NA County","New York"
"36051",2018,"B17001H_SnrPov","White (Non-Hispanic)",35.1871657754011,12.5225068331259,"Livingston","NA County","New York"
"36051",2018,"B17001I_SnrPov","Hispanic or Latino (Any Race)",42.2222222222222,87.9955105476593,"Livingston","NA County","New York"
"36051",2019,"B17001B_SnrPov","Black (Non-Hispanic)",35,80.6225774829855,"Livingston","NA County","New York"
"36051",2019,"B17001C_SnrPov","Native American (Non-Hispanic)",50,116.988138243994,"Livingston","NA County","New York"
"36051",2019,"B17001D_SnrPov","Asian (Non-Hispanic)",0,0,"Livingston","NA County","New York"
"36051",2019,"B17001E_SnrPov","Pacific Islander (Non-Hispanic)",0,0,"Livingston","NA County","New York"
"36051",2019,"B17001F_SnrPov","Other (Non-Hispanic)",0,0,"Livingston","NA County","New York"
"36051",2019,"B17001G_SnrPov","Two or More Races (Non-Hispanic)",0,247.487373415292,"Livingston","NA County","New York"
"36051",2019,"B17001H_SnrPov","White (Non-Hispanic)",37.6609442060086,8.83549651332197,"Livingston","NA County","New York"
"36051",2019,"B17001I_SnrPov","Hispanic or Latino (Any Race)",71.875,121.554064617355,"Livingston","NA County","New York"
"36051",2020,"B17001B_SnrPov","Black (Non-Hispanic)",32.1428571428571,110.771874423363,"Livingston","NA County","New York"
"36051",2020,"B17001C_SnrPov","Native American (Non-Hispanic)",50,89.8213061361895,"Livingston","NA County","New York"
"36051",2020,"B17001D_SnrPov","Asian (Non-Hispanic)",0,0,"Livingston","NA County","New York"
"36051",2020,"B17001E_SnrPov","Pacific Islander (Non-Hispanic)",0,0,"Livingston","NA County","New York"
"36051",2020,"B17001F_SnrPov","Other (Non-Hispanic)",0,0,"Livingston","NA County","New York"
"36051",2020,"B17001G_SnrPov","Two or More Races (Non-Hispanic)",0,178.31388395139,"Livingston","NA County","New York"
"36051",2020,"B17001H_SnrPov","White (Non-Hispanic)",40.2406417112299,10.1815148474116,"Livingston","NA County","New York"
"36051",2020,"B17001I_SnrPov","Hispanic or Latino (Any Race)",41.6666666666667,248.607231502938,"Livingston","NA County","New York"
"36051",2021,"B17001B_SnrPov","Black (Non-Hispanic)",64.2857142857143,236.470647960669,"Livingston","NA County","New York"
"36051",2021,"B17001C_SnrPov","Native American (Non-Hispanic)",53.8461538461538,245.793004748776,"Livingston","NA County","New York"
"36051",2021,"B17001D_SnrPov","Asian (Non-Hispanic)",0,0,"Livingston","NA County","New York"
"36051",2021,"B17001E_SnrPov","Pacific Islander (Non-Hispanic)",0,0,"Livingston","NA County","New York"
"36051",2021,"B17001F_SnrPov","Other (Non-Hispanic)",0,1414.2135623731,"Livingston","NA County","New York"
"36051",2021,"B17001G_SnrPov","Two or More Races (Non-Hispanic)",15.7894736842105,160.072698165743,"Livingston","NA County","New York"
"36051",2021,"B17001H_SnrPov","White (Non-Hispanic)",41.0896708286039,10.610359814349,"Livingston","NA County","New York"
"36051",2021,"B17001I_SnrPov","Hispanic or Latino (Any Race)",33.3333333333333,336.283243342701,"Livingston","NA County","New York"
"36051",2022,"B17001B_SnrPov","Black (Non-Hispanic)",81.8181818181818,345.57414197724,"Livingston","NA County","New York"
"36051",2022,"B17001C_SnrPov","Native American (Non-Hispanic)",54.5454545454545,293.4547707558,"Livingston","NA County","New York"
"36051",2022,"B17001D_SnrPov","Asian (Non-Hispanic)",0,0,"Livingston","NA County","New York"
"36051",2022,"B17001E_SnrPov","Pacific Islander (Non-Hispanic)",0,0,"Livingston","NA County","New York"
"36051",2022,"B17001F_SnrPov","Other (Non-Hispanic)",0,2192.0310216783,"Livingston","NA County","New York"
"36051",2022,"B17001G_SnrPov","Two or More Races (Non-Hispanic)",43.75,61.5553612612256,"Livingston","NA County","New York"
"36051",2022,"B17001H_SnrPov","White (Non-Hispanic)",45.0310559006211,10.6419025059183,"Livingston","NA County","New York"
"36051",2022,"B17001I_SnrPov","Hispanic or Latino (Any Race)",33.3333333333333,348.895965957946,"Livingston","NA County","New York"
"36051",2023,"B17001B_SnrPov","Black (Non-Hispanic)",92.3076923076923,316.227766016838,"Livingston","NA County","New York"
"36051",2023,"B17001C_SnrPov","Native American (Non-Hispanic)",58.3333333333333,269.00020652615,"Livingston","NA County","New York"
"36051",2023,"B17001D_SnrPov","Asian (Non-Hispanic)",0,0,"Livingston","NA County","New York"
"36051",2023,"B17001E_SnrPov","Pacific Islander (Non-Hispanic)",0,0,"Livingston","NA County","New York"
"36051",2023,"B17001F_SnrPov","Other (Non-Hispanic)",60,631.506136153878,"Livingston","NA County","New York"
"36051",2023,"B17001G_SnrPov","Two or More Races (Non-Hispanic)",40,47.1404520791032,"Livingston","NA County","New York"
"36051",2023,"B17001H_SnrPov","White (Non-Hispanic)",44.1228070175439,10.2361317572509,"Livingston","NA County","New York"
"36051",2023,"B17001I_SnrPov","Hispanic or Latino (Any Race)",50,60.0925212577332,"Livingston","NA County","New York"
"36051",2024,"B17001B_SnrPov","Black (Non-Hispanic)",35.2941176470588,131.039231823209,"Livingston","NA County","New York"
"36051",2024,"B17001C_SnrPov","Native American (Non-Hispanic)",0,0,"Livingston","NA County","New York"
"36051",2024,"B17001D_SnrPov","Asian (Non-Hispanic)",0,0,"Livingston","NA County","New York"
"36051",2024,"B17001E_SnrPov","Pacific Islander (Non-Hispanic)",0,0,"Livingston","NA County","New York"
"36051",2024,"B17001F_SnrPov","Other (Non-Hispanic)",88.8888888888889,209.644025156813,"Livingston","NA County","New York"
"36051",2024,"B17001G_SnrPov","Two or More Races (Non-Hispanic)",50,51.3140925543321,"Livingston","NA County","New York"
"36051",2024,"B17001H_SnrPov","White (Non-Hispanic)",40.6945681211042,11.7234952618505,"Livingston","NA County","New York"
"36051",2024,"B17001I_SnrPov","Hispanic or Latino (Any Race)",88.8888888888889,209.644025156813,"Livingston","NA County","New York"
"36055",2017,"B17001B_SnrPov","Black (Non-Hispanic)",47.6247600767754,6.38871894462631,"Monroe","NA County","New York"
"36055",2017,"B17001C_SnrPov","Native American (Non-Hispanic)",41.747572815534,50.1200368898653,"Monroe","NA County","New York"
"36055",2017,"B17001D_SnrPov","Asian (Non-Hispanic)",45.5981941309255,23.0204041245724,"Monroe","NA County","New York"
"36055",2017,"B17001E_SnrPov","Pacific Islander (Non-Hispanic)",100,557.853027239254,"Monroe","NA County","New York"
"36055",2017,"B17001F_SnrPov","Other (Non-Hispanic)",52.2565320665083,21.1561496951596,"Monroe","NA County","New York"
"36055",2017,"B17001G_SnrPov","Two or More Races (Non-Hispanic)",32.2946175637394,16.9995276925524,"Monroe","NA County","New York"
"36055",2017,"B17001H_SnrPov","White (Non-Hispanic)",46.1470662301687,4.7301193040196,"Monroe","NA County","New York"
"36055",2017,"B17001I_SnrPov","Hispanic or Latino (Any Race)",42.6890756302521,8.05359882198733,"Monroe","NA County","New York"
"36055",2018,"B17001B_SnrPov","Black (Non-Hispanic)",47.3851750795816,5.7782163033947,"Monroe","NA County","New York"
"36055",2018,"B17001C_SnrPov","Native American (Non-Hispanic)",43.2692307692308,41.4801050194673,"Monroe","NA County","New York"
"36055",2018,"B17001D_SnrPov","Asian (Non-Hispanic)",48.8950276243094,20.8869739731668,"Monroe","NA County","New York"
"36055",2018,"B17001E_SnrPov","Pacific Islander (Non-Hispanic)",100,429.760255899752,"Monroe","NA County","New York"
"36055",2018,"B17001F_SnrPov","Other (Non-Hispanic)",52.3711340206186,19.8763314368364,"Monroe","NA County","New York"
"36055",2018,"B17001G_SnrPov","Two or More Races (Non-Hispanic)",29.5039164490862,16.4904779891782,"Monroe","NA County","New York"
"36055",2018,"B17001H_SnrPov","White (Non-Hispanic)",45.7808186292162,4.78065401527562,"Monroe","NA County","New York"
"36055",2018,"B17001I_SnrPov","Hispanic or Latino (Any Race)",41.9052319842053,7.54198043234514,"Monroe","NA County","New York"
"36055",2019,"B17001B_SnrPov","Black (Non-Hispanic)",48.646773074254,7.12603368066128,"Monroe","NA County","New York"
"36055",2019,"B17001C_SnrPov","Native American (Non-Hispanic)",59.4936708860759,42.1064490594428,"Monroe","NA County","New York"
"36055",2019,"B17001D_SnrPov","Asian (Non-Hispanic)",51.9061583577713,28.7629321647841,"Monroe","NA County","New York"
"36055",2019,"B17001E_SnrPov","Pacific Islander (Non-Hispanic)",100,380.788655293195,"Monroe","NA County","New York"
"36055",2019,"B17001F_SnrPov","Other (Non-Hispanic)",45.6692913385827,19.4573445561442,"Monroe","NA County","New York"
"36055",2019,"B17001G_SnrPov","Two or More Races (Non-Hispanic)",37.0879120879121,17.2114891293155,"Monroe","NA County","New York"
"36055",2019,"B17001H_SnrPov","White (Non-Hispanic)",45.2866750256469,4.35738586945959,"Monroe","NA County","New York"
"36055",2019,"B17001I_SnrPov","Hispanic or Latino (Any Race)",43.0531732418525,7.07871956227237,"Monroe","NA County","New York"
"36055",2020,"B17001B_SnrPov","Black (Non-Hispanic)",45.0942945810456,6.66453480494543,"Monroe","NA County","New York"
"36055",2020,"B17001C_SnrPov","Native American (Non-Hispanic)",48.1203007518797,37.329899510696,"Monroe","NA County","New York"
"36055",2020,"B17001D_SnrPov","Asian (Non-Hispanic)",42.7325581395349,22.8987855736139,"Monroe","NA County","New York"
"36055",2020,"B17001E_SnrPov","Pacific Islander (Non-Hispanic)",100,511.262055005932,"Monroe","NA County","New York"
"36055",2020,"B17001F_SnrPov","Other (Non-Hispanic)",37.0212765957447,18.5251702420886,"Monroe","NA County","New York"
"36055",2020,"B17001G_SnrPov","Two or More Races (Non-Hispanic)",50.3891050583658,22.8853654251512,"Monroe","NA County","New York"
"36055",2020,"B17001H_SnrPov","White (Non-Hispanic)",47.5859632595384,5.36919161367709,"Monroe","NA County","New York"
"36055",2020,"B17001I_SnrPov","Hispanic or Latino (Any Race)",36.4900086880973,7.02675886489821,"Monroe","NA County","New York"
"36055",2021,"B17001B_SnrPov","Black (Non-Hispanic)",46.2143338575601,7.25182120569673,"Monroe","NA County","New York"
"36055",2021,"B17001C_SnrPov","Native American (Non-Hispanic)",34.7826086956522,35.2147073588115,"Monroe","NA County","New York"
"36055",2021,"B17001D_SnrPov","Asian (Non-Hispanic)",43.202416918429,30.571868617942,"Monroe","NA County","New York"
"36055",2021,"B17001E_SnrPov","Pacific Islander (Non-Hispanic)",0,0,"Monroe","NA County","New York"
"36055",2021,"B17001F_SnrPov","Other (Non-Hispanic)",32.9321663019694,14.4858759673204,"Monroe","NA County","New York"
"36055",2021,"B17001G_SnrPov","Two or More Races (Non-Hispanic)",65.1771956856703,27.0542202968725,"Monroe","NA County","New York"
"36055",2021,"B17001H_SnrPov","White (Non-Hispanic)",49.1285403050109,5.26098682306528,"Monroe","NA County","New York"
"36055",2021,"B17001I_SnrPov","Hispanic or Latino (Any Race)",38.7923904052936,7.74614951800892,"Monroe","NA County","New York"
"36055",2022,"B17001B_SnrPov","Black (Non-Hispanic)",45.985401459854,7.26392816723989,"Monroe","NA County","New York"
"36055",2022,"B17001C_SnrPov","Native American (Non-Hispanic)",25.8064516129032,31.0248130026957,"Monroe","NA County","New York"
"36055",2022,"B17001D_SnrPov","Asian (Non-Hispanic)",27.930174563591,25.0471412059645,"Monroe","NA County","New York"
"36055",2022,"B17001E_SnrPov","Pacific Islander (Non-Hispanic)",0,0,"Monroe","NA County","New York"
"36055",2022,"B17001F_SnrPov","Other (Non-Hispanic)",37.6588021778584,13.8693090196318,"Monroe","NA County","New York"
"36055",2022,"B17001G_SnrPov","Two or More Races (Non-Hispanic)",54.8279689234184,20.797406345552,"Monroe","NA County","New York"
"36055",2022,"B17001H_SnrPov","White (Non-Hispanic)",47.655020459553,5.22506561761675,"Monroe","NA County","New York"
"36055",2022,"B17001I_SnrPov","Hispanic or Latino (Any Race)",41.9367283950617,8.45708580631146,"Monroe","NA County","New York"
"36055",2023,"B17001B_SnrPov","Black (Non-Hispanic)",50.0813008130081,7.53656782520477,"Monroe","NA County","New York"
"36055",2023,"B17001C_SnrPov","Native American (Non-Hispanic)",54.4444444444444,52.3048990930659,"Monroe","NA County","New York"
"36055",2023,"B17001D_SnrPov","Asian (Non-Hispanic)",34.9112426035503,27.6373522597049,"Monroe","NA County","New York"
"36055",2023,"B17001E_SnrPov","Pacific Islander (Non-Hispanic)",0,0,"Monroe","NA County","New York"
"36055",2023,"B17001F_SnrPov","Other (Non-Hispanic)",34.3378271213323,12.5688264908225,"Monroe","NA County","New York"
"36055",2023,"B17001G_SnrPov","Two or More Races (Non-Hispanic)",53.2467532467532,20.2496668078323,"Monroe","NA County","New York"
"36055",2023,"B17001H_SnrPov","White (Non-Hispanic)",47.4159146841673,5.49252874397305,"Monroe","NA County","New York"
"36055",2023,"B17001I_SnrPov","Hispanic or Latino (Any Race)",42.9203539823009,8.51351290196432,"Monroe","NA County","New York"
"36055",2024,"B17001B_SnrPov","Black (Non-Hispanic)",47.0956030657523,7.24991872188362,"Monroe","NA County","New York"
"36055",2024,"B17001C_SnrPov","Native American (Non-Hispanic)",40,54.5893762558247,"Monroe","NA County","New York"
"36055",2024,"B17001D_SnrPov","Asian (Non-Hispanic)",39.3356643356643,23.7556472048434,"Monroe","NA County","New York"
"36055",2024,"B17001E_SnrPov","Pacific Islander (Non-Hispanic)",0,0,"Monroe","NA County","New York"
"36055",2024,"B17001F_SnrPov","Other (Non-Hispanic)",40.9282700421941,12.3325023991274,"Monroe","NA County","New York"
"36055",2024,"B17001G_SnrPov","Two or More Races (Non-Hispanic)",55.8118899733807,20.966476663678,"Monroe","NA County","New York"
"36055",2024,"B17001H_SnrPov","White (Non-Hispanic)",47.8353970766223,5.2848033837542,"Monroe","NA County","New York"
"36055",2024,"B17001I_SnrPov","Hispanic or Latino (Any Race)",43.4234901815487,9.09556529465663,"Monroe","NA County","New York"
"36069",2017,"B17001B_SnrPov","Black (Non-Hispanic)",67.2413793103448,56.1338641244817,"Ontario","NA County","New York"
"36069",2017,"B17001C_SnrPov","Native American (Non-Hispanic)",0,0,"Ontario","NA County","New York"
"36069",2017,"B17001D_SnrPov","Asian (Non-Hispanic)",100,112.267728248963,"Ontario","NA County","New York"
"36069",2017,"B17001E_SnrPov","Pacific Islander (Non-Hispanic)",0,0,"Ontario","NA County","New York"
"36069",2017,"B17001F_SnrPov","Other (Non-Hispanic)",76.5957446808511,99.1818044323971,"Ontario","NA County","New York"
"36069",2017,"B17001G_SnrPov","Two or More Races (Non-Hispanic)",71.4285714285714,227.900801907769,"Ontario","NA County","New York"
"36069",2017,"B17001H_SnrPov","White (Non-Hispanic)",41.3513513513514,8.44247496245027,"Ontario","NA County","New York"
"36069",2017,"B17001I_SnrPov","Hispanic or Latino (Any Race)",60.2941176470588,67.358720532934,"Ontario","NA County","New York"
"36069",2018,"B17001B_SnrPov","Black (Non-Hispanic)",63.768115942029,49.360540191091,"Ontario","NA County","New York"
"36069",2018,"B17001C_SnrPov","Native American (Non-Hispanic)",0,0,"Ontario","NA County","New York"
"36069",2018,"B17001D_SnrPov","Asian (Non-Hispanic)",100,129.803656722198,"Ontario","NA County","New York"
"36069",2018,"B17001E_SnrPov","Pacific Islander (Non-Hispanic)",0,0,"Ontario","NA County","New York"
"36069",2018,"B17001F_SnrPov","Other (Non-Hispanic)",79.4117647058823,136.471855977885,"Ontario","NA County","New York"
"36069",2018,"B17001G_SnrPov","Two or More Races (Non-Hispanic)",100,149.189989815753,"Ontario","NA County","New York"
"36069",2018,"B17001H_SnrPov","White (Non-Hispanic)",37.9591836734694,7.16686926026648,"Ontario","NA County","New York"
"36069",2018,"B17001I_SnrPov","Hispanic or Latino (Any Race)",58.9285714285714,84.2887408657568,"Ontario","NA County","New York"
"36069",2019,"B17001B_SnrPov","Black (Non-Hispanic)",72.7272727272727,60.6091526731326,"Ontario","NA County","New York"
"36069",2019,"B17001C_SnrPov","Native American (Non-Hispanic)",0,0,"Ontario","NA County","New York"
"36069",2019,"B17001D_SnrPov","Asian (Non-Hispanic)",100,139.204086785474,"Ontario","NA County","New York"
"36069",2019,"B17001E_SnrPov","Pacific Islander (Non-Hispanic)",0,0,"Ontario","NA County","New York"
"36069",2019,"B17001F_SnrPov","Other (Non-Hispanic)",100,177.169096878911,"Ontario","NA County","New York"
"36069",2019,"B17001G_SnrPov","Two or More Races (Non-Hispanic)",100,136.471855977885,"Ontario","NA County","New York"
"36069",2019,"B17001H_SnrPov","White (Non-Hispanic)",37.5376884422111,7.57994853594539,"Ontario","NA County","New York"
"36069",2019,"B17001I_SnrPov","Hispanic or Latino (Any Race)",62.5,91.7613147731052,"Ontario","NA County","New York"
"36069",2020,"B17001B_SnrPov","Black (Non-Hispanic)",89.3939393939394,57.7847085621966,"Ontario","NA County","New York"
"36069",2020,"B17001C_SnrPov","Native American (Non-Hispanic)",0,0,"Ontario","NA County","New York"
"36069",2020,"B17001D_SnrPov","Asian (Non-Hispanic)",100,994.428926011753,"Ontario","NA County","New York"
"36069",2020,"B17001E_SnrPov","Pacific Islander (Non-Hispanic)",0,0,"Ontario","NA County","New York"
"36069",2020,"B17001F_SnrPov","Other (Non-Hispanic)",100,227.292872438833,"Ontario","NA County","New York"
"36069",2020,"B17001G_SnrPov","Two or More Races (Non-Hispanic)",100,170.441784058676,"Ontario","NA County","New York"
"36069",2020,"B17001H_SnrPov","White (Non-Hispanic)",43.6638506002668,8.1437501802721,"Ontario","NA County","New York"
"36069",2020,"B17001I_SnrPov","Hispanic or Latino (Any Race)",63.4615384615385,91.9262954055163,"Ontario","NA County","New York"
"36069",2021,"B17001B_SnrPov","Black (Non-Hispanic)",92.1259842519685,52.5262364729383,"Ontario","NA County","New York"
"36069",2021,"B17001C_SnrPov","Native American (Non-Hispanic)",0,0,"Ontario","NA County","New York"
"36069",2021,"B17001D_SnrPov","Asian (Non-Hispanic)",100,764.852927038918,"Ontario","NA County","New York"
"36069",2021,"B17001E_SnrPov","Pacific Islander (Non-Hispanic)",0,0,"Ontario","NA County","New York"
"36069",2021,"B17001F_SnrPov","Other (Non-Hispanic)",100,768.374908491942,"Ontario","NA County","New York"
"36069",2021,"B17001G_SnrPov","Two or More Races (Non-Hispanic)",100,172.603767315471,"Ontario","NA County","New York"
"36069",2021,"B17001H_SnrPov","White (Non-Hispanic)",43.1886549204985,8.6629226405592,"Ontario","NA County","New York"
"36069",2021,"B17001I_SnrPov","Hispanic or Latino (Any Race)",54.2857142857143,125.324069711207,"Ontario","NA County","New York"
"36069",2022,"B17001B_SnrPov","Black (Non-Hispanic)",90.9774436090226,53.6844211364627,"Ontario","NA County","New York"
"36069",2022,"B17001C_SnrPov","Native American (Non-Hispanic)",0,0,"Ontario","NA County","New York"
"36069",2022,"B17001D_SnrPov","Asian (Non-Hispanic)",100,789.382670192347,"Ontario","NA County","New York"
"36069",2022,"B17001E_SnrPov","Pacific Islander (Non-Hispanic)",0,0,"Ontario","NA County","New York"
"36069",2022,"B17001F_SnrPov","Other (Non-Hispanic)",0,0,"Ontario","NA County","New York"
"36069",2022,"B17001G_SnrPov","Two or More Races (Non-Hispanic)",100,120.185042515466,"Ontario","NA County","New York"
"36069",2022,"B17001H_SnrPov","White (Non-Hispanic)",40.8796895213454,8.00027074006507,"Ontario","NA County","New York"
"36069",2022,"B17001I_SnrPov","Hispanic or Latino (Any Race)",50,271.441624581706,"Ontario","NA County","New York"
"36069",2023,"B17001B_SnrPov","Black (Non-Hispanic)",77.2727272727273,36.3813877126866,"Ontario","NA County","New York"
"36069",2023,"B17001C_SnrPov","Native American (Non-Hispanic)",0,0,"Ontario","NA County","New York"
"36069",2023,"B17001D_SnrPov","Asian (Non-Hispanic)",100,635.609943282828,"Ontario","NA County","New York"
"36069",2023,"B17001E_SnrPov","Pacific Islander (Non-Hispanic)",0,0,"Ontario","NA County","New York"
"36069",2023,"B17001F_SnrPov","Other (Non-Hispanic)",100,307.431112428279,"Ontario","NA County","New York"
"36069",2023,"B17001G_SnrPov","Two or More Races (Non-Hispanic)",55.3846153846154,54.9125178386915,"Ontario","NA County","New York"
"36069",2023,"B17001H_SnrPov","White (Non-Hispanic)",40.3212520593081,7.986505409156,"Ontario","NA County","New York"
"36069",2023,"B17001I_SnrPov","Hispanic or Latino (Any Race)",60.3448275862069,58.1625096325276,"Ontario","NA County","New York"
"36069",2024,"B17001B_SnrPov","Black (Non-Hispanic)",73.2919254658385,36.986521567601,"Ontario","NA County","New York"
"36069",2024,"B17001C_SnrPov","Native American (Non-Hispanic)",0,0,"Ontario","NA County","New York"
"36069",2024,"B17001D_SnrPov","Asian (Non-Hispanic)",0,0,"Ontario","NA County","New York"
"36069",2024,"B17001E_SnrPov","Pacific Islander (Non-Hispanic)",0,0,"Ontario","NA County","New York"
"36069",2024,"B17001F_SnrPov","Other (Non-Hispanic)",46.9387755102041,93.8109790576425,"Ontario","NA County","New York"
"36069",2024,"B17001G_SnrPov","Two or More Races (Non-Hispanic)",49.0196078431373,55.2161876091322,"Ontario","NA County","New York"
"36069",2024,"B17001H_SnrPov","White (Non-Hispanic)",42.1097046413502,8.21138675706732,"Ontario","NA County","New York"
"36069",2024,"B17001I_SnrPov","Hispanic or Latino (Any Race)",41.0714285714286,43.1906665087422,"Ontario","NA County","New York"
"36073",2017,"B17001B_SnrPov","Black (Non-Hispanic)",100,111.803398874989,"Orleans","NA County","New York"
"36073",2017,"B17001C_SnrPov","Native American (Non-Hispanic)",0,0,"Orleans","NA County","New York"
"36073",2017,"B17001D_SnrPov","Asian (Non-Hispanic)",77.7777777777778,104.822012578407,"Orleans","NA County","New York"
"36073",2017,"B17001E_SnrPov","Pacific Islander (Non-Hispanic)",100,208.086520466848,"Orleans","NA County","New York"
"36073",2017,"B17001F_SnrPov","Other (Non-Hispanic)",8.33333333333333,69.4444444444444,"Orleans","NA County","New York"
"36073",2017,"B17001G_SnrPov","Two or More Races (Non-Hispanic)",100,130.170827931778,"Orleans","NA County","New York"
"36073",2017,"B17001H_SnrPov","White (Non-Hispanic)",52.7713625866051,17.6417570625324,"Orleans","NA County","New York"
"36073",2017,"B17001I_SnrPov","Hispanic or Latino (Any Race)",8.33333333333333,69.4444444444444,"Orleans","NA County","New York"
"36073",2018,"B17001B_SnrPov","Black (Non-Hispanic)",100,97.2178129511607,"Orleans","NA County","New York"
"36073",2018,"B17001C_SnrPov","Native American (Non-Hispanic)",0,0,"Orleans","NA County","New York"
"36073",2018,"B17001D_SnrPov","Asian (Non-Hispanic)",75,111.803398874989,"Orleans","NA County","New York"
"36073",2018,"B17001E_SnrPov","Pacific Islander (Non-Hispanic)",100,200.96140805723,"Orleans","NA County","New York"
"36073",2018,"B17001F_SnrPov","Other (Non-Hispanic)",8.57142857142857,74.1757427756981,"Orleans","NA County","New York"
"36073",2018,"B17001G_SnrPov","Two or More Races (Non-Hispanic)",100,642.748006609122,"Orleans","NA County","New York"
"36073",2018,"B17001H_SnrPov","White (Non-Hispanic)",57.3046432616082,16.6581889088987,"Orleans","NA County","New York"
"36073",2018,"B17001I_SnrPov","Hispanic or Latino (Any Race)",8.57142857142857,74.1757427756981,"Orleans","NA County","New York"
"36073",2019,"B17001B_SnrPov","Black (Non-Hispanic)",100,103.497852903118,"Orleans","NA County","New York"
"36073",2019,"B17001C_SnrPov","Native American (Non-Hispanic)",0,0,"Orleans","NA County","New York"
"36073",2019,"B17001D_SnrPov","Asian (Non-Hispanic)",40,509.901951359278,"Orleans","NA County","New York"
"36073",2019,"B17001E_SnrPov","Pacific Islander (Non-Hispanic)",0,0,"Orleans","NA County","New York"
"36073",2019,"B17001F_SnrPov","Other (Non-Hispanic)",0,110.485434560398,"Orleans","NA County","New York"
"36073",2019,"B17001G_SnrPov","Two or More Races (Non-Hispanic)",100,519.230199429887,"Orleans","NA County","New York"
"36073",2019,"B17001H_SnrPov","White (Non-Hispanic)",49.0710382513661,16.2286802239535,"Orleans","NA County","New York"
"36073",2019,"B17001I_SnrPov","Hispanic or Latino (Any Race)",0,101.015254455221,"Orleans","NA County","New York"
"36073",2020,"B17001B_SnrPov","Black (Non-Hispanic)",93.1034482758621,105.553295620786,"Orleans","NA County","New York"
"36073",2020,"B17001C_SnrPov","Native American (Non-Hispanic)",0,0,"Orleans","NA County","New York"
"36073",2020,"B17001D_SnrPov","Asian (Non-Hispanic)",55.5555555555556,299.175822618584,"Orleans","NA County","New York"
"36073",2020,"B17001E_SnrPov","Pacific Islander (Non-Hispanic)",0,0,"Orleans","NA County","New York"
"36073",2020,"B17001F_SnrPov","Other (Non-Hispanic)",8.10810810810811,72.7724973937095,"Orleans","NA County","New York"
"36073",2020,"B17001G_SnrPov","Two or More Races (Non-Hispanic)",100,687.84082460988,"Orleans","NA County","New York"
"36073",2020,"B17001H_SnrPov","White (Non-Hispanic)",48.992443324937,18.3710802529889,"Orleans","NA County","New York"
"36073",2020,"B17001I_SnrPov","Hispanic or Latino (Any Race)",16.2790697674419,65.6539265743865,"Orleans","NA County","New York"
"36073",2021,"B17001B_SnrPov","Black (Non-Hispanic)",70,190.918830920368,"Orleans","NA County","New York"
"36073",2021,"B17001C_SnrPov","Native American (Non-Hispanic)",0,0,"Orleans","NA County","New York"
"36073",2021,"B17001D_SnrPov","Asian (Non-Hispanic)",25,682.367203197809,"Orleans","NA County","New York"
"36073",2021,"B17001E_SnrPov","Pacific Islander (Non-Hispanic)",0,0,"Orleans","NA County","New York"
"36073",2021,"B17001F_SnrPov","Other (Non-Hispanic)",13.7931034482759,98.1396515224669,"Orleans","NA County","New York"
"36073",2021,"B17001G_SnrPov","Two or More Races (Non-Hispanic)",100,299.21000521195,"Orleans","NA County","New York"
"36073",2021,"B17001H_SnrPov","White (Non-Hispanic)",48.4118291347207,15.4823839136273,"Orleans","NA County","New York"
"36073",2021,"B17001I_SnrPov","Hispanic or Latino (Any Race)",37.7777777777778,88.0516122495953,"Orleans","NA County","New York"
"36073",2022,"B17001B_SnrPov","Black (Non-Hispanic)",60.4166666666667,134.177018234205,"Orleans","NA County","New York"
"36073",2022,"B17001C_SnrPov","Native American (Non-Hispanic)",0,0,"Orleans","NA County","New York"
"36073",2022,"B17001D_SnrPov","Asian (Non-Hispanic)",0,3959.79797464467,"Orleans","NA County","New York"
"36073",2022,"B17001E_SnrPov","Pacific Islander (Non-Hispanic)",0,0,"Orleans","NA County","New York"
"36073",2022,"B17001F_SnrPov","Other (Non-Hispanic)",73.0769230769231,149.605002605975,"Orleans","NA County","New York"
"36073",2022,"B17001G_SnrPov","Two or More Races (Non-Hispanic)",45.945945945946,127.572148337362,"Orleans","NA County","New York"
"36073",2022,"B17001H_SnrPov","White (Non-Hispanic)",48.1389578163772,16.2431541926086,"Orleans","NA County","New York"
"36073",2022,"B17001I_SnrPov","Hispanic or Latino (Any Race)",76.5957446808511,112.765957446808,"Orleans","NA County","New York"
"36073",2023,"B17001B_SnrPov","Black (Non-Hispanic)",60.952380952381,66.5304731298018,"Orleans","NA County","New York"
"36073",2023,"B17001C_SnrPov","Native American (Non-Hispanic)",0,0,"Orleans","NA County","New York"
"36073",2023,"B17001D_SnrPov","Asian (Non-Hispanic)",0,3959.79797464467,"Orleans","NA County","New York"
"36073",2023,"B17001E_SnrPov","Pacific Islander (Non-Hispanic)",0,0,"Orleans","NA County","New York"
"36073",2023,"B17001F_SnrPov","Other (Non-Hispanic)",74.2857142857143,125.844088831687,"Orleans","NA County","New York"
"36073",2023,"B17001G_SnrPov","Two or More Races (Non-Hispanic)",60,176.181724364362,"Orleans","NA County","New York"
"36073",2023,"B17001H_SnrPov","White (Non-Hispanic)",40.2139037433155,12.6298341738339,"Orleans","NA County","New York"
"36073",2023,"B17001I_SnrPov","Hispanic or Latino (Any Race)",66.1290322580645,89.6286708996762,"Orleans","NA County","New York"
"36073",2024,"B17001B_SnrPov","Black (Non-Hispanic)",3.7037037037037,55.7096628018197,"Orleans","NA County","New York"
"36073",2024,"B17001C_SnrPov","Native American (Non-Hispanic)",0,0,"Orleans","NA County","New York"
"36073",2024,"B17001D_SnrPov","Asian (Non-Hispanic)",0,585.888475840282,"Orleans","NA County","New York"
"36073",2024,"B17001E_SnrPov","Pacific Islander (Non-Hispanic)",0,0,"Orleans","NA County","New York"
"36073",2024,"B17001F_SnrPov","Other (Non-Hispanic)",51.7241379310345,129.803656722198,"Orleans","NA County","New York"
"36073",2024,"B17001G_SnrPov","Two or More Races (Non-Hispanic)",30.7692307692308,85.9380883519397,"Orleans","NA County","New York"
"36073",2024,"B17001H_SnrPov","White (Non-Hispanic)",44.3037974683544,14.3459915611814,"Orleans","NA County","New York"
"36073",2024,"B17001I_SnrPov","Hispanic or Latino (Any Race)",68.8888888888889,109.792171795872,"Orleans","NA County","New York"
"36099",2017,"B17001B_SnrPov","Black (Non-Hispanic)",50,412.310562561766,"Seneca","NA County","New York"
"36099",2017,"B17001C_SnrPov","Native American (Non-Hispanic)",0,0,"Seneca","NA County","New York"
"36099",2017,"B17001D_SnrPov","Asian (Non-Hispanic)",0,1697.05627484771,"Seneca","NA County","New York"
"36099",2017,"B17001E_SnrPov","Pacific Islander (Non-Hispanic)",0,0,"Seneca","NA County","New York"
"36099",2017,"B17001F_SnrPov","Other (Non-Hispanic)",0,0,"Seneca","NA County","New York"
"36099",2017,"B17001G_SnrPov","Two or More Races (Non-Hispanic)",50,1209.33866224478,"Seneca","NA County","New York"
"36099",2017,"B17001H_SnrPov","White (Non-Hispanic)",48.3766233766234,12.9626394660241,"Seneca","NA County","New York"
"36099",2017,"B17001I_SnrPov","Hispanic or Latino (Any Race)",0,106.066017177982,"Seneca","NA County","New York"
"36099",2018,"B17001B_SnrPov","Black (Non-Hispanic)",57.1428571428571,379.580864445326,"Seneca","NA County","New York"
"36099",2018,"B17001C_SnrPov","Native American (Non-Hispanic)",0,0,"Seneca","NA County","New York"
"36099",2018,"B17001D_SnrPov","Asian (Non-Hispanic)",0,1767.76695296637,"Seneca","NA County","New York"
"36099",2018,"B17001E_SnrPov","Pacific Islander (Non-Hispanic)",0,0,"Seneca","NA County","New York"
"36099",2018,"B17001F_SnrPov","Other (Non-Hispanic)",0,0,"Seneca","NA County","New York"
"36099",2018,"B17001G_SnrPov","Two or More Races (Non-Hispanic)",50,1265.89889011722,"Seneca","NA County","New York"
"36099",2018,"B17001H_SnrPov","White (Non-Hispanic)",47.175572519084,13.9967613858765,"Seneca","NA County","New York"
"36099",2018,"B17001I_SnrPov","Hispanic or Latino (Any Race)",0,0,"Seneca","NA County","New York"
"36099",2019,"B17001B_SnrPov","Black (Non-Hispanic)",57.1428571428571,370.878713878491,"Seneca","NA County","New York"
"36099",2019,"B17001C_SnrPov","Native American (Non-Hispanic)",0,0,"Seneca","NA County","New York"
"36099",2019,"B17001D_SnrPov","Asian (Non-Hispanic)",0,0,"Seneca","NA County","New York"
"36099",2019,"B17001E_SnrPov","Pacific Islander (Non-Hispanic)",0,0,"Seneca","NA County","New York"
"36099",2019,"B17001F_SnrPov","Other (Non-Hispanic)",0,0,"Seneca","NA County","New York"
"36099",2019,"B17001G_SnrPov","Two or More Races (Non-Hispanic)",0,3535.53390593274,"Seneca","NA County","New York"
"36099",2019,"B17001H_SnrPov","White (Non-Hispanic)",51.4726507713885,13.6873749214652,"Seneca","NA County","New York"
"36099",2019,"B17001I_SnrPov","Hispanic or Latino (Any Race)",0,0,"Seneca","NA County","New York"
"36099",2020,"B17001B_SnrPov","Black (Non-Hispanic)",28.5714285714286,375.798469656169,"Seneca","NA County","New York"
"36099",2020,"B17001C_SnrPov","Native American (Non-Hispanic)",0,0,"Seneca","NA County","New York"
"36099",2020,"B17001D_SnrPov","Asian (Non-Hispanic)",0,0,"Seneca","NA County","New York"
"36099",2020,"B17001E_SnrPov","Pacific Islander (Non-Hispanic)",0,0,"Seneca","NA County","New York"
"36099",2020,"B17001F_SnrPov","Other (Non-Hispanic)",0,0,"Seneca","NA County","New York"
"36099",2020,"B17001G_SnrPov","Two or More Races (Non-Hispanic)",0,0,"Seneca","NA County","New York"
"36099",2020,"B17001H_SnrPov","White (Non-Hispanic)",51.4935988620199,17.1129135350903,"Seneca","NA County","New York"
"36099",2020,"B17001I_SnrPov","Hispanic or Latino (Any Race)",0,0,"Seneca","NA County","New York"
"36099",2021,"B17001B_SnrPov","Black (Non-Hispanic)",75,691.465834296966,"Seneca","NA County","New York"
"36099",2021,"B17001C_SnrPov","Native American (Non-Hispanic)",0,0,"Seneca","NA County","New York"
"36099",2021,"B17001D_SnrPov","Asian (Non-Hispanic)",0,0,"Seneca","NA County","New York"
"36099",2021,"B17001E_SnrPov","Pacific Islander (Non-Hispanic)",0,0,"Seneca","NA County","New York"
"36099",2021,"B17001F_SnrPov","Other (Non-Hispanic)",0,0,"Seneca","NA County","New York"
"36099",2021,"B17001G_SnrPov","Two or More Races (Non-Hispanic)",0,293.721278339027,"Seneca","NA County","New York"
"36099",2021,"B17001H_SnrPov","White (Non-Hispanic)",53.2608695652174,18.203091504357,"Seneca","NA County","New York"
"36099",2021,"B17001I_SnrPov","Hispanic or Latino (Any Race)",0,0,"Seneca","NA County","New York"
"36099",2022,"B17001B_SnrPov","Black (Non-Hispanic)",0,439.977552738296,"Seneca","NA County","New York"
"36099",2022,"B17001C_SnrPov","Native American (Non-Hispanic)",0,0,"Seneca","NA County","New York"
"36099",2022,"B17001D_SnrPov","Asian (Non-Hispanic)",0,0,"Seneca","NA County","New York"
"36099",2022,"B17001E_SnrPov","Pacific Islander (Non-Hispanic)",0,0,"Seneca","NA County","New York"
"36099",2022,"B17001F_SnrPov","Other (Non-Hispanic)",100,1408.01278403287,"Seneca","NA County","New York"
"36099",2022,"B17001G_SnrPov","Two or More Races (Non-Hispanic)",0,263.986531642978,"Seneca","NA County","New York"
"36099",2022,"B17001H_SnrPov","White (Non-Hispanic)",52.0731707317073,17.0251939149183,"Seneca","NA County","New York"
"36099",2022,"B17001I_SnrPov","Hispanic or Latino (Any Race)",0,565.685424949238,"Seneca","NA County","New York"
"36099",2023,"B17001B_SnrPov","Black (Non-Hispanic)",0,494.974746830583,"Seneca","NA County","New York"
"36099",2023,"B17001C_SnrPov","Native American (Non-Hispanic)",0,0,"Seneca","NA County","New York"
"36099",2023,"B17001D_SnrPov","Asian (Non-Hispanic)",0,0,"Seneca","NA County","New York"
"36099",2023,"B17001E_SnrPov","Pacific Islander (Non-Hispanic)",0,0,"Seneca","NA County","New York"
"36099",2023,"B17001F_SnrPov","Other (Non-Hispanic)",25,352.003196008218,"Seneca","NA County","New York"
"36099",2023,"B17001G_SnrPov","Two or More Races (Non-Hispanic)",0,263.986531642978,"Seneca","NA County","New York"
"36099",2023,"B17001H_SnrPov","White (Non-Hispanic)",54.8936170212766,16.4205840855672,"Seneca","NA County","New York"
"36099",2023,"B17001I_SnrPov","Hispanic or Latino (Any Race)",0,359.981634058606,"Seneca","NA County","New York"
"36099",2024,"B17001B_SnrPov","Black (Non-Hispanic)",50,224.176497521074,"Seneca","NA County","New York"
"36099",2024,"B17001C_SnrPov","Native American (Non-Hispanic)",100,325.500250726694,"Seneca","NA County","New York"
"36099",2024,"B17001D_SnrPov","Asian (Non-Hispanic)",0,0,"Seneca","NA County","New York"
"36099",2024,"B17001E_SnrPov","Pacific Islander (Non-Hispanic)",0,0,"Seneca","NA County","New York"
"36099",2024,"B17001F_SnrPov","Other (Non-Hispanic)",28.5714285714286,418.208033380127,"Seneca","NA County","New York"
"36099",2024,"B17001G_SnrPov","Two or More Races (Non-Hispanic)",48.5714285714286,52.1379645454133,"Seneca","NA County","New York"
"36099",2024,"B17001H_SnrPov","White (Non-Hispanic)",54.3224299065421,14.6810985175342,"Seneca","NA County","New York"
"36099",2024,"B17001I_SnrPov","Hispanic or Latino (Any Race)",52.3809523809524,170.50013133303,"Seneca","NA County","New York"
"36117",2017,"B17001B_SnrPov","Black (Non-Hispanic)",83.4782608695652,45.1169452906882,"Wayne","NA County","New York"
"36117",2017,"B17001C_SnrPov","Native American (Non-Hispanic)",25.9259259259259,109.43175335329,"Wayne","NA County","New York"
"36117",2017,"B17001D_SnrPov","Asian (Non-Hispanic)",90.9090909090909,122.202394251086,"Wayne","NA County","New York"
"36117",2017,"B17001E_SnrPov","Pacific Islander (Non-Hispanic)",0,0,"Wayne","NA County","New York"
"36117",2017,"B17001F_SnrPov","Other (Non-Hispanic)",100,122.779047202158,"Wayne","NA County","New York"
"36117",2017,"B17001G_SnrPov","Two or More Races (Non-Hispanic)",56.5217391304348,138.722227248207,"Wayne","NA County","New York"
"36117",2017,"B17001H_SnrPov","White (Non-Hispanic)",47.3433242506812,10.2628443020352,"Wayne","NA County","New York"
"36117",2017,"B17001I_SnrPov","Hispanic or Latino (Any Race)",75.5555555555556,56.579453584329,"Wayne","NA County","New York"
"36117",2018,"B17001B_SnrPov","Black (Non-Hispanic)",77.1428571428572,55.4102407915766,"Wayne","NA County","New York"
"36117",2018,"B17001C_SnrPov","Native American (Non-Hispanic)",23.3333333333333,99.1071249821234,"Wayne","NA County","New York"
"36117",2018,"B17001D_SnrPov","Asian (Non-Hispanic)",94.6666666666667,164.297832541327,"Wayne","NA County","New York"
"36117",2018,"B17001E_SnrPov","Pacific Islander (Non-Hispanic)",0,0,"Wayne","NA County","New York"
"36117",2018,"B17001F_SnrPov","Other (Non-Hispanic)",100,135.304076351524,"Wayne","NA County","New York"
"36117",2018,"B17001G_SnrPov","Two or More Races (Non-Hispanic)",58.8235294117647,181.592341652154,"Wayne","NA County","New York"
"36117",2018,"B17001H_SnrPov","White (Non-Hispanic)",48.3062330623306,10.2592513449685,"Wayne","NA County","New York"
"36117",2018,"B17001I_SnrPov","Hispanic or Latino (Any Race)",74.1573033707865,60.5074697430843,"Wayne","NA County","New York"
"36117",2019,"B17001B_SnrPov","Black (Non-Hispanic)",87.8504672897196,59.710776990517,"Wayne","NA County","New York"
"36117",2019,"B17001C_SnrPov","Native American (Non-Hispanic)",0,263.986531642978,"Wayne","NA County","New York"
"36117",2019,"B17001D_SnrPov","Asian (Non-Hispanic)",50,156.524758424985,"Wayne","NA County","New York"
"36117",2019,"B17001E_SnrPov","Pacific Islander (Non-Hispanic)",0,0,"Wayne","NA County","New York"
"36117",2019,"B17001F_SnrPov","Other (Non-Hispanic)",100,111.636252105063,"Wayne","NA County","New York"
"36117",2019,"B17001G_SnrPov","Two or More Races (Non-Hispanic)",80,107.70329614269,"Wayne","NA County","New York"
"36117",2019,"B17001H_SnrPov","White (Non-Hispanic)",42.5617078052035,9.8339553096949,"Wayne","NA County","New York"
"36117",2019,"B17001I_SnrPov","Hispanic or Latino (Any Race)",86.0759493670886,67.7067297231207,"Wayne","NA County","New York"
"36117",2020,"B17001B_SnrPov","Black (Non-Hispanic)",61.7142857142857,44.8525930358638,"Wayne","NA County","New York"
"36117",2020,"B17001C_SnrPov","Native American (Non-Hispanic)",0,1367.07311029399,"Wayne","NA County","New York"
"36117",2020,"B17001D_SnrPov","Asian (Non-Hispanic)",0,0,"Wayne","NA County","New York"
"36117",2020,"B17001E_SnrPov","Pacific Islander (Non-Hispanic)",0,0,"Wayne","NA County","New York"
"36117",2020,"B17001F_SnrPov","Other (Non-Hispanic)",94.3661971830986,89.27844502389,"Wayne","NA County","New York"
"36117",2020,"B17001G_SnrPov","Two or More Races (Non-Hispanic)",59.1549295774648,79.1870016725104,"Wayne","NA County","New York"
"36117",2020,"B17001H_SnrPov","White (Non-Hispanic)",46.0326086956522,12.1343008487859,"Wayne","NA County","New York"
"36117",2020,"B17001I_SnrPov","Hispanic or Latino (Any Race)",65.625,64.9936562075271,"Wayne","NA County","New York"
"36117",2021,"B17001B_SnrPov","Black (Non-Hispanic)",58.8652482269503,37.3268010409667,"Wayne","NA County","New York"
"36117",2021,"B17001C_SnrPov","Native American (Non-Hispanic)",0,0,"Wayne","NA County","New York"
"36117",2021,"B17001D_SnrPov","Asian (Non-Hispanic)",50,228.236361552435,"Wayne","NA County","New York"
"36117",2021,"B17001E_SnrPov","Pacific Islander (Non-Hispanic)",0,0,"Wayne","NA County","New York"
"36117",2021,"B17001F_SnrPov","Other (Non-Hispanic)",92.5373134328358,106.640720465052,"Wayne","NA County","New York"
"36117",2021,"B17001G_SnrPov","Two or More Races (Non-Hispanic)",61.1111111111111,66.7967480911725,"Wayne","NA County","New York"
"36117",2021,"B17001H_SnrPov","White (Non-Hispanic)",43.5154394299287,12.0953701249159,"Wayne","NA County","New York"
"36117",2021,"B17001I_SnrPov","Hispanic or Latino (Any Race)",63.8888888888889,66.1567432514676,"Wayne","NA County","New York"
"36117",2022,"B17001B_SnrPov","Black (Non-Hispanic)",39.6396396396396,31.2730719958735,"Wayne","NA County","New York"
"36117",2022,"B17001C_SnrPov","Native American (Non-Hispanic)",0,0,"Wayne","NA County","New York"
"36117",2022,"B17001D_SnrPov","Asian (Non-Hispanic)",50,191.324170641362,"Wayne","NA County","New York"
"36117",2022,"B17001E_SnrPov","Pacific Islander (Non-Hispanic)",0,0,"Wayne","NA County","New York"
"36117",2022,"B17001F_SnrPov","Other (Non-Hispanic)",87.1794871794872,103.234985329217,"Wayne","NA County","New York"
"36117",2022,"B17001G_SnrPov","Two or More Races (Non-Hispanic)",53.1645569620253,59.6147434902107,"Wayne","NA County","New York"
"36117",2022,"B17001H_SnrPov","White (Non-Hispanic)",42.263395092639,13.2017030244993,"Wayne","NA County","New York"
"36117",2022,"B17001I_SnrPov","Hispanic or Latino (Any Race)",75,87.821828784825,"Wayne","NA County","New York"
"36117",2023,"B17001B_SnrPov","Black (Non-Hispanic)",47.0588235294118,34.8253179190957,"Wayne","NA County","New York"
"36117",2023,"B17001C_SnrPov","Native American (Non-Hispanic)",0,0,"Wayne","NA County","New York"
"36117",2023,"B17001D_SnrPov","Asian (Non-Hispanic)",52.9411764705882,200.086486490529,"Wayne","NA County","New York"
"36117",2023,"B17001E_SnrPov","Pacific Islander (Non-Hispanic)",0,0,"Wayne","NA County","New York"
"36117",2023,"B17001F_SnrPov","Other (Non-Hispanic)",30.1204819277108,32.3286936505994,"Wayne","NA County","New York"
"36117",2023,"B17001G_SnrPov","Two or More Races (Non-Hispanic)",48.5714285714286,44.92371967646,"Wayne","NA County","New York"
"36117",2023,"B17001H_SnrPov","White (Non-Hispanic)",39.4847775175644,13.9059595476225,"Wayne","NA County","New York"
"36117",2023,"B17001I_SnrPov","Hispanic or Latino (Any Race)",30.0970873786408,32.9525490261692,"Wayne","NA County","New York"
"36117",2024,"B17001B_SnrPov","Black (Non-Hispanic)",44.4444444444444,37.1630561459595,"Wayne","NA County","New York"
"36117",2024,"B17001C_SnrPov","Native American (Non-Hispanic)",0,0,"Wayne","NA County","New York"
"36117",2024,"B17001D_SnrPov","Asian (Non-Hispanic)",64.2857142857143,149.531581538988,"Wayne","NA County","New York"
"36117",2024,"B17001E_SnrPov","Pacific Islander (Non-Hispanic)",0,0,"Wayne","NA County","New York"
"36117",2024,"B17001F_SnrPov","Other (Non-Hispanic)",43.5294117647059,37.8852757367167,"Wayne","NA County","New York"
"36117",2024,"B17001G_SnrPov","Two or More Races (Non-Hispanic)",34.1463414634146,30.4878048780488,"Wayne","NA County","New York"
"36117",2024,"B17001H_SnrPov","White (Non-Hispanic)",43.0941704035874,11.400546069496,"Wayne","NA County","New York"
"36117",2024,"B17001I_SnrPov","Hispanic or Latino (Any Race)",31.3253012048193,52.0308985100944,"Wayne","NA County","New York"
"36123",2017,"B17001B_SnrPov","Black (Non-Hispanic)",0,424.264068711928,"Yates","NA County","New York"
"36123",2017,"B17001C_SnrPov","Native American (Non-Hispanic)",0,0,"Yates","NA County","New York"
"36123",2017,"B17001D_SnrPov","Asian (Non-Hispanic)",0,0,"Yates","NA County","New York"
"36123",2017,"B17001E_SnrPov","Pacific Islander (Non-Hispanic)",100,1060.66017177982,"Yates","NA County","New York"
"36123",2017,"B17001F_SnrPov","Other (Non-Hispanic)",0,0,"Yates","NA County","New York"
"36123",2017,"B17001G_SnrPov","Two or More Races (Non-Hispanic)",0,212.132034355964,"Yates","NA County","New York"
"36123",2017,"B17001H_SnrPov","White (Non-Hispanic)",51.0548523206751,14.3475427307336,"Yates","NA County","New York"
"36123",2017,"B17001I_SnrPov","Hispanic or Latino (Any Race)",0,0,"Yates","NA County","New York"
"36123",2018,"B17001B_SnrPov","Black (Non-Hispanic)",0,444.467119602973,"Yates","NA County","New York"
"36123",2018,"B17001C_SnrPov","Native American (Non-Hispanic)",0,0,"Yates","NA County","New York"
"36123",2018,"B17001D_SnrPov","Asian (Non-Hispanic)",0,0,"Yates","NA County","New York"
"36123",2018,"B17001E_SnrPov","Pacific Islander (Non-Hispanic)",100,2209.07220343745,"Yates","NA County","New York"
"36123",2018,"B17001F_SnrPov","Other (Non-Hispanic)",0,0,"Yates","NA County","New York"
"36123",2018,"B17001G_SnrPov","Two or More Races (Non-Hispanic)",0,311.126983722081,"Yates","NA County","New York"
"36123",2018,"B17001H_SnrPov","White (Non-Hispanic)",49.685534591195,15.0957954108132,"Yates","NA County","New York"
"36123",2018,"B17001I_SnrPov","Hispanic or Latino (Any Race)",0,0,"Yates","NA County","New York"
"36123",2019,"B17001B_SnrPov","Black (Non-Hispanic)",0,311.126983722081,"Yates","NA County","New York"
"36123",2019,"B17001C_SnrPov","Native American (Non-Hispanic)",0,777.817459305202,"Yates","NA County","New York"
"36123",2019,"B17001D_SnrPov","Asian (Non-Hispanic)",0,0,"Yates","NA County","New York"
"36123",2019,"B17001E_SnrPov","Pacific Islander (Non-Hispanic)",0,0,"Yates","NA County","New York"
"36123",2019,"B17001F_SnrPov","Other (Non-Hispanic)",0,0,"Yates","NA County","New York"
"36123",2019,"B17001G_SnrPov","Two or More Races (Non-Hispanic)",0,141.421356237309,"Yates","NA County","New York"
"36123",2019,"B17001H_SnrPov","White (Non-Hispanic)",50.5112474437628,15.6411641521251,"Yates","NA County","New York"
"36123",2019,"B17001I_SnrPov","Hispanic or Latino (Any Race)",0,0,"Yates","NA County","New York"
"36123",2020,"B17001B_SnrPov","Black (Non-Hispanic)",0,271.057599454843,"Yates","NA County","New York"
"36123",2020,"B17001C_SnrPov","Native American (Non-Hispanic)",0,813.17279836453,"Yates","NA County","New York"
"36123",2020,"B17001D_SnrPov","Asian (Non-Hispanic)",0,0,"Yates","NA County","New York"
"36123",2020,"B17001E_SnrPov","Pacific Islander (Non-Hispanic)",0,0,"Yates","NA County","New York"
"36123",2020,"B17001F_SnrPov","Other (Non-Hispanic)",0,0,"Yates","NA County","New York"
"36123",2020,"B17001G_SnrPov","Two or More Races (Non-Hispanic)",13.0434782608696,102.335672138607,"Yates","NA County","New York"
"36123",2020,"B17001H_SnrPov","White (Non-Hispanic)",47.3504273504273,23.4904388188744,"Yates","NA County","New York"
"36123",2020,"B17001I_SnrPov","Hispanic or Latino (Any Race)",0,0,"Yates","NA County","New York"
"36123",2021,"B17001B_SnrPov","Black (Non-Hispanic)",0,565.685424949238,"Yates","NA County","New York"
"36123",2021,"B17001C_SnrPov","Native American (Non-Hispanic)",0,1697.05627484771,"Yates","NA County","New York"
"36123",2021,"B17001D_SnrPov","Asian (Non-Hispanic)",100,149.195225191613,"Yates","NA County","New York"
"36123",2021,"B17001E_SnrPov","Pacific Islander (Non-Hispanic)",0,0,"Yates","NA County","New York"
"36123",2021,"B17001F_SnrPov","Other (Non-Hispanic)",0,0,"Yates","NA County","New York"
"36123",2021,"B17001G_SnrPov","Two or More Races (Non-Hispanic)",45.4545454545455,227.272727272727,"Yates","NA County","New York"
"36123",2021,"B17001H_SnrPov","White (Non-Hispanic)",43.9222042139384,22.6440832370476,"Yates","NA County","New York"
"36123",2021,"B17001I_SnrPov","Hispanic or Latino (Any Race)",0,0,"Yates","NA County","New York"
"36123",2022,"B17001B_SnrPov","Black (Non-Hispanic)",28.5714285714286,358.283891542413,"Yates","NA County","New York"
"36123",2022,"B17001C_SnrPov","Native American (Non-Hispanic)",0,589.25565098879,"Yates","NA County","New York"
"36123",2022,"B17001D_SnrPov","Asian (Non-Hispanic)",100,95.3289246667366,"Yates","NA County","New York"
"36123",2022,"B17001E_SnrPov","Pacific Islander (Non-Hispanic)",0,0,"Yates","NA County","New York"
"36123",2022,"B17001F_SnrPov","Other (Non-Hispanic)",0,0,"Yates","NA County","New York"
"36123",2022,"B17001G_SnrPov","Two or More Races (Non-Hispanic)",42.8571428571429,43.9025926537756,"Yates","NA County","New York"
"36123",2022,"B17001H_SnrPov","White (Non-Hispanic)",46.9565217391304,19.6386170160446,"Yates","NA County","New York"
"36123",2022,"B17001I_SnrPov","Hispanic or Latino (Any Race)",0,0,"Yates","NA County","New York"
"36123",2023,"B17001B_SnrPov","Black (Non-Hispanic)",13.3333333333333,168.786518682296,"Yates","NA County","New York"
"36123",2023,"B17001C_SnrPov","Native American (Non-Hispanic)",0,883.883476483184,"Yates","NA County","New York"
"36123",2023,"B17001D_SnrPov","Asian (Non-Hispanic)",100,94.947783352525,"Yates","NA County","New York"
"36123",2023,"B17001E_SnrPov","Pacific Islander (Non-Hispanic)",0,0,"Yates","NA County","New York"
"36123",2023,"B17001F_SnrPov","Other (Non-Hispanic)",0,0,"Yates","NA County","New York"
"36123",2023,"B17001G_SnrPov","Two or More Races (Non-Hispanic)",47.3684210526316,45.2753961423296,"Yates","NA County","New York"
"36123",2023,"B17001H_SnrPov","White (Non-Hispanic)",50.9142053445851,17.8815359497191,"Yates","NA County","New York"
"36123",2023,"B17001I_SnrPov","Hispanic or Latino (Any Race)",0,252.538136138053,"Yates","NA County","New York"
"36123",2024,"B17001B_SnrPov","Black (Non-Hispanic)",16.6666666666667,421.966296705739,"Yates","NA County","New York"
"36123",2024,"B17001C_SnrPov","Native American (Non-Hispanic)",0,0,"Yates","NA County","New York"
"36123",2024,"B17001D_SnrPov","Asian (Non-Hispanic)",68.9655172413793,114.833281416184,"Yates","NA County","New York"
"36123",2024,"B17001E_SnrPov","Pacific Islander (Non-Hispanic)",0,0,"Yates","NA County","New York"
"36123",2024,"B17001F_SnrPov","Other (Non-Hispanic)",0,141.42135623731,"Yates","NA County","New York"
"36123",2024,"B17001G_SnrPov","Two or More Races (Non-Hispanic)",55.5555555555556,55.5555555555556,"Yates","NA County","New York"
"36123",2024,"B17001H_SnrPov","White (Non-Hispanic)",51.2481644640235,17.3374122092751,"Yates","NA County","New York"
"36123",2024,"B17001I_SnrPov","Hispanic or Latino (Any Race)",0,98.2092751647983,"Yates","NA County","New York"
